class_str,feature,time_label,mean,std,n
shrubs_to_trees,NBR,1997_1998,-0.07861451804637909,0.732850193977356,4584
shrubs_to_trees,NBR,1999_2000,0.1773086041212082,0.7899047136306763,4584
shrubs_to_trees,NBR,2001_2002,0.2944208085536957,0.8802282214164734,4584
shrubs_to_trees,NBR,2003_2004,0.40563157200813293,0.838020920753479,4584
shrubs_to_trees,NBR,2005_2006,0.4379960894584656,0.7343711853027344,4584
shrubs_to_trees,NBR,2007_2008,0.3151263892650604,0.7174184322357178,4584
shrubs_to_trees,NBR,2009_2010,0.3897784948348999,0.7018864750862122,4584
shrubs_to_trees,NBR,2011_2012,0.313448965549469,0.7081342339515686,4584
shrubs_to_trees,NBR,2013_2014,0.24110260605812073,0.7539420127868652,4584
shrubs_to_trees,NBR,2015_2016,0.5710626244544983,0.7296755313873291,4584
shrubs_to_trees,NDMI,1997_1998,-0.27547329664230347,0.7380480766296387,4584
shrubs_to_trees,NDMI,1999_2000,0.0685029923915863,0.7521815896034241,4584
shrubs_to_trees,NDMI,2001_2002,0.22072435915470123,0.8759327530860901,4584
shrubs_to_trees,NDMI,2003_2004,0.36568477749824524,0.8211893439292908,4584
shrubs_to_trees,NDMI,2005_2006,0.38144585490226746,0.7140125632286072,4584
shrubs_to_trees,NDMI,2007_2008,0.2885773479938507,0.7043412923812866,4584
shrubs_to_trees,NDMI,2009_2010,0.2929731607437134,0.7260962128639221,4584
shrubs_to_trees,NDMI,2011_2012,0.28839948773384094,0.7259136438369751,4584
shrubs_to_trees,NDMI,2013_2014,0.19567927718162537,0.7327272295951843,4584
shrubs_to_trees,NDMI,2015_2016,0.5802140235900879,0.6980600953102112,4584
shrubs_to_trees,NDVI,1997_1998,-0.030300788581371307,0.6526679396629333,4584
shrubs_to_trees,NDVI,1999_2000,0.19521638751029968,0.6849608421325684,4584
shrubs_to_trees,NDVI,2001_2002,0.28910961747169495,0.7296562790870667,4584
shrubs_to_trees,NDVI,2003_2004,0.4149682819843292,0.7010575532913208,4584
shrubs_to_trees,NDVI,2005_2006,0.4076223373413086,0.6461758613586426,4584
shrubs_to_trees,NDVI,2007_2008,0.27262014150619507,0.6182408928871155,4584
shrubs_to_trees,NDVI,2009_2010,0.38184306025505066,0.593100368976593,4584
shrubs_to_trees,NDVI,2011_2012,0.25679150223731995,0.6180838346481323,4584
shrubs_to_trees,NDVI,2013_2014,0.19083178043365479,0.642268180847168,4584
shrubs_to_trees,NDVI,2015_2016,0.4693818688392639,0.7005207538604736,4584
shrubs_to_trees,NIR,1997_1998,-0.08366226404905319,0.5728172659873962,4584
shrubs_to_trees,NIR,1999_2000,0.05163504555821419,0.565792977809906,4584
shrubs_to_trees,NIR,2001_2002,0.11826466768980026,0.599308967590332,4584
shrubs_to_trees,NIR,2003_2004,0.12411081045866013,0.5817045569419861,4584
shrubs_to_trees,NIR,2005_2006,0.14895568788051605,0.5486516356468201,4584
shrubs_to_trees,NIR,2007_2008,-0.017033198848366737,0.5302561521530151,4584
shrubs_to_trees,NIR,2009_2010,0.06989523023366928,0.5637526512145996,4584
shrubs_to_trees,NIR,2011_2012,0.008937714621424675,0.5527927875518799,4584
shrubs_to_trees,NIR,2013_2014,-0.09834329783916473,0.5365267395973206,4584
shrubs_to_trees,NIR,2015_2016,0.06716646999120712,0.6468746662139893,4584
shrubs_to_trees,SWIR1,1997_1998,0.1545199453830719,0.4893486201763153,4584
shrubs_to_trees,SWIR1,1999_2000,-0.01492103561758995,0.4707152247428894,4584
shrubs_to_trees,SWIR1,2001_2002,-0.1021476462483406,0.48631274700164795,4584
shrubs_to_trees,SWIR1,2003_2004,-0.1583351343870163,0.485209584236145,4584
shrubs_to_trees,SWIR1,2005_2006,-0.22651605308055878,0.5203067064285278,4584
shrubs_to_trees,SWIR1,2007_2008,-0.216621533036232,0.4827058017253876,4584
shrubs_to_trees,SWIR1,2009_2010,-0.15977521240711212,0.5195501446723938,4584
shrubs_to_trees,SWIR1,2011_2012,-0.13525597751140594,0.5068183541297913,4584
shrubs_to_trees,SWIR1,2013_2014,-0.2616780996322632,0.5078669786453247,4584
shrubs_to_trees,SWIR1,2015_2016,-0.47245854139328003,0.4547760784626007,4584
shrubs_to_trees,SWIR2,1997_1998,0.13368865847587585,0.6513049006462097,4584
shrubs_to_trees,SWIR2,1999_2000,-0.07448749989271164,0.6624237895011902,4584
shrubs_to_trees,SWIR2,2001_2002,-0.14299996197223663,0.6792159080505371,4584
shrubs_to_trees,SWIR2,2003_2004,-0.25866612792015076,0.6017009019851685,4584
shrubs_to_trees,SWIR2,2005_2006,-0.3250107169151306,0.6390198469161987,4584
shrubs_to_trees,SWIR2,2007_2008,-0.33872172236442566,0.6008650660514832,4584
shrubs_to_trees,SWIR2,2009_2010,-0.29612183570861816,0.5976903438568115,4584
shrubs_to_trees,SWIR2,2011_2012,-0.2602168917655945,0.5881418585777283,4584
shrubs_to_trees,SWIR2,2013_2014,-0.3287762999534607,0.5936560034751892,4584
shrubs_to_trees,SWIR2,2015_2016,-0.5579773187637329,0.49569734930992126,4584
stable_shrubs,NBR,1997_1998,-0.056846845895051956,0.9829511642456055,18990
stable_shrubs,NBR,1999_2000,-0.06385185569524765,0.8761986494064331,18990
stable_shrubs,NBR,2001_2002,-0.021594472229480743,0.9473897218704224,18990
stable_shrubs,NBR,2003_2004,0.037751730531454086,1.0198270082473755,18990
stable_shrubs,NBR,2005_2006,0.04916731268167496,0.8597591519355774,18990
stable_shrubs,NBR,2007_2008,0.06883442401885986,0.8954700231552124,18990
stable_shrubs,NBR,2009_2010,0.21024399995803833,1.0321769714355469,18990
stable_shrubs,NBR,2011_2012,0.057774439454078674,0.9871131181716919,18990
stable_shrubs,NBR,2013_2014,0.06415417045354843,0.9921874403953552,18990
stable_shrubs,NBR,2015_2016,0.004217554349452257,0.8896178603172302,18990
stable_shrubs,NDMI,1997_1998,-0.22402147948741913,0.9595317244529724,18990
stable_shrubs,NDMI,1999_2000,-0.18444472551345825,0.8282340168952942,18990
stable_shrubs,NDMI,2001_2002,-0.19235263764858246,0.9593746662139893,18990
stable_shrubs,NDMI,2003_2004,-0.13147994875907898,1.0539214611053467,18990
stable_shrubs,NDMI,2005_2006,-0.09520836174488068,0.8446837663650513,18990
stable_shrubs,NDMI,2007_2008,-0.07578636705875397,0.895328164100647,18990
stable_shrubs,NDMI,2009_2010,0.02911972440779209,1.0381993055343628,18990
stable_shrubs,NDMI,2011_2012,-0.12094186246395111,0.9607490301132202,18990
stable_shrubs,NDMI,2013_2014,-0.09695028513669968,0.9907925128936768,18990
stable_shrubs,NDMI,2015_2016,-0.11235311627388,0.8393308520317078,18990
stable_shrubs,NDVI,1997_1998,0.07386241108179092,0.9147261381149292,18990
stable_shrubs,NDVI,1999_2000,0.07913865149021149,0.7724835872650146,18990
stable_shrubs,NDVI,2001_2002,0.14171047508716583,0.7850456833839417,18990
stable_shrubs,NDVI,2003_2004,0.1987314224243164,0.8400411605834961,18990
stable_shrubs,NDVI,2005_2006,0.1831444948911667,0.7822838425636292,18990
stable_shrubs,NDVI,2007_2008,0.18588760495185852,0.7683772444725037,18990
stable_shrubs,NDVI,2009_2010,0.32320645451545715,0.8849295973777771,18990
stable_shrubs,NDVI,2011_2012,0.18240632116794586,0.8700403571128845,18990
stable_shrubs,NDVI,2013_2014,0.19967679679393768,0.8548262119293213,18990
stable_shrubs,NDVI,2015_2016,0.14368939399719238,0.8196783065795898,18990
stable_shrubs,NIR,1997_1998,0.23625239729881287,0.854841411113739,18990
stable_shrubs,NIR,1999_2000,0.18413768708705902,0.7167195677757263,18990
stable_shrubs,NIR,2001_2002,0.22665585577487946,0.6806405186653137,18990
stable_shrubs,NIR,2003_2004,0.28668084740638733,0.7110353708267212,18990
stable_shrubs,NIR,2005_2006,0.2641066014766693,0.7299759984016418,18990
stable_shrubs,NIR,2007_2008,0.2359207421541214,0.7361973524093628,18990
stable_shrubs,NIR,2009_2010,0.3937307298183441,0.8140157461166382,18990
stable_shrubs,NIR,2011_2012,0.2744200825691223,0.8405044674873352,18990
stable_shrubs,NIR,2013_2014,0.27357736229896545,0.787405252456665,18990
stable_shrubs,NIR,2015_2016,0.24137303233146667,0.762138307094574,18990
stable_shrubs,SWIR1,1997_1998,0.4862508475780487,0.6545423865318298,18990
stable_shrubs,SWIR1,1999_2000,0.365932822227478,0.6415144205093384,18990
stable_shrubs,SWIR1,2001_2002,0.3822879493236542,0.675848662853241,18990
stable_shrubs,SWIR1,2003_2004,0.39258936047554016,0.6354450583457947,18990
stable_shrubs,SWIR1,2005_2006,0.3724488317966461,0.6454035639762878,18990
stable_shrubs,SWIR1,2007_2008,0.3419385254383087,0.6307896971702576,18990
stable_shrubs,SWIR1,2009_2010,0.4192425608634949,0.7052177786827087,18990
stable_shrubs,SWIR1,2011_2012,0.3986285328865051,0.7880637049674988,18990
stable_shrubs,SWIR1,2013_2014,0.3700459897518158,0.7165526747703552,18990
stable_shrubs,SWIR1,2015_2016,0.311926931142807,0.6455474495887756,18990
stable_shrubs,SWIR2,1997_1998,0.48346975445747375,0.8961732387542725,18990
stable_shrubs,SWIR2,1999_2000,0.3611658811569214,0.876732349395752,18990
stable_shrubs,SWIR2,2001_2002,0.3980691730976105,0.9208769202232361,18990
stable_shrubs,SWIR2,2003_2004,0.3853000998497009,0.8159233927726746,18990
stable_shrubs,SWIR2,2005_2006,0.34084412455558777,0.8042569756507874,18990
stable_shrubs,SWIR2,2007_2008,0.3320337235927582,0.8434078693389893,18990
stable_shrubs,SWIR2,2009_2010,0.3996546268463135,0.8513059020042419,18990
stable_shrubs,SWIR2,2011_2012,0.3882073760032654,0.9691262245178223,18990
stable_shrubs,SWIR2,2013_2014,0.386829674243927,0.892630398273468,18990
stable_shrubs,SWIR2,2015_2016,0.2901482582092285,0.779402494430542,18990
stable_trees,NBR,1997_1998,0.28854942321777344,0.8775262236595154,45845
stable_trees,NBR,1999_2000,0.41295140981674194,1.1164014339447021,45845
stable_trees,NBR,2001_2002,0.1004953533411026,1.151350736618042,45845
stable_trees,NBR,2003_2004,0.05011293292045593,1.0751272439956665,45845
stable_trees,NBR,2005_2006,0.22514717280864716,1.0684187412261963,45845
stable_trees,NBR,2007_2008,-0.03688015043735504,1.081421136856079,45845
stable_trees,NBR,2009_2010,-0.10139013081789017,0.9290505647659302,45845
stable_trees,NBR,2011_2012,0.11811097711324692,1.0175503492355347,45845
stable_trees,NBR,2013_2014,-0.029753481969237328,1.0342166423797607,45845
stable_trees,NBR,2015_2016,0.3485209047794342,1.0117475986480713,45845
stable_trees,NDMI,1997_1998,0.58711838722229,0.6219874024391174,45845
stable_trees,NDMI,1999_2000,0.7368305325508118,0.7718009948730469,45845
stable_trees,NDMI,2001_2002,0.48616841435432434,0.8569884300231934,45845
stable_trees,NDMI,2003_2004,0.45730164647102356,0.7522064447402954,45845
stable_trees,NDMI,2005_2006,0.5288037061691284,0.7716290950775146,45845
stable_trees,NDMI,2007_2008,0.3390747904777527,0.7797749042510986,45845
stable_trees,NDMI,2009_2010,0.30107858777046204,0.6174219250679016,45845
stable_trees,NDMI,2011_2012,0.4978146553039551,0.729053795337677,45845
stable_trees,NDMI,2013_2014,0.3240292966365814,0.7607627511024475,45845
stable_trees,NDMI,2015_2016,0.6664606928825378,0.7371992468833923,45845
stable_trees,NDVI,1997_1998,0.05823325738310814,1.0093944072723389,45845
stable_trees,NDVI,1999_2000,0.08781999349594116,1.2965624332427979,45845
stable_trees,NDVI,2001_2002,-0.19463549554347992,1.2889297008514404,45845
stable_trees,NDVI,2003_2004,-0.26572084426879883,1.2369641065597534,45845
stable_trees,NDVI,2005_2006,-0.055018045008182526,1.2154064178466797,45845
stable_trees,NDVI,2007_2008,-0.3089880347251892,1.177397608757019,45845
stable_trees,NDVI,2009_2010,-0.29230624437332153,1.0361130237579346,45845
stable_trees,NDVI,2011_2012,-0.11826147139072418,1.0840381383895874,45845
stable_trees,NDVI,2013_2014,-0.2939288020133972,1.1024335622787476,45845
stable_trees,NDVI,2015_2016,-0.017521865665912628,1.1884257793426514,45845
stable_trees,NIR,1997_1998,-0.5244622230529785,0.968268632888794,45845
stable_trees,NIR,1999_2000,-0.4441928565502167,1.2572370767593384,45845
stable_trees,NIR,2001_2002,-0.6155058145523071,1.1792219877243042,45845
stable_trees,NIR,2003_2004,-0.7141891121864319,1.094980239868164,45845
stable_trees,NIR,2005_2006,-0.5402895212173462,1.1089421510696411,45845
stable_trees,NIR,2007_2008,-0.6902452707290649,0.9743266105651855,45845
stable_trees,NIR,2009_2010,-0.7118059396743774,0.8694511651992798,45845
stable_trees,NIR,2011_2012,-0.541692852973938,0.9492729306221008,45845
stable_trees,NIR,2013_2014,-0.71589195728302,0.923467755317688,45845
stable_trees,NIR,2015_2016,-0.5792553424835205,1.093137264251709,45845
stable_trees,SWIR1,1997_1998,-1.0695945024490356,0.7804713249206543,45845
stable_trees,SWIR1,1999_2000,-1.1354029178619385,0.6754204034805298,45845
stable_trees,SWIR1,2001_2002,-1.0763952732086182,0.6881136894226074,45845
stable_trees,SWIR1,2003_2004,-1.1053422689437866,0.6857333183288574,45845
stable_trees,SWIR1,2005_2006,-1.1234947443008423,0.6309698224067688,45845
stable_trees,SWIR1,2007_2008,-1.0926191806793213,0.6984856128692627,45845
stable_trees,SWIR1,2009_2010,-1.0218403339385986,0.7052282691001892,45845
stable_trees,SWIR1,2011_2012,-0.9293135404586792,0.6634052395820618,45845
stable_trees,SWIR1,2013_2014,-1.0540343523025513,0.6532285809516907,45845
stable_trees,SWIR1,2015_2016,-1.1412874460220337,0.5262150764465332,45845
stable_trees,SWIR2,1997_1998,-1.0540721416473389,0.596963107585907,45845
stable_trees,SWIR2,1999_2000,-1.0967817306518555,0.4802173972129822,45845
stable_trees,SWIR2,2001_2002,-1.0135480165481567,0.5025761127471924,45845
stable_trees,SWIR2,2003_2004,-1.066759467124939,0.48413464426994324,45845
stable_trees,SWIR2,2005_2006,-1.082258939743042,0.44387370347976685,45845
stable_trees,SWIR2,2007_2008,-1.0576298236846924,0.49508732557296753,45845
stable_trees,SWIR2,2009_2010,-1.035470724105835,0.5569547414779663,45845
stable_trees,SWIR2,2011_2012,-0.9568945169448853,0.5080050230026245,45845
stable_trees,SWIR2,2013_2014,-1.0287535190582275,0.5106485486030579,45845
stable_trees,SWIR2,2015_2016,-1.0902398824691772,0.3704802691936493,45845
stable_wetland,NBR,1997_1998,-0.15990562736988068,1.05917227268219,71229
stable_wetland,NBR,1999_2000,-0.2507484257221222,0.8681418299674988,71229
stable_wetland,NBR,2001_2002,-0.06992944329977036,0.8994144201278687,71229
stable_wetland,NBR,2003_2004,-0.07693333923816681,0.9554001688957214,71229
stable_wetland,NBR,2005_2006,-0.18213728070259094,0.9695143699645996,71229
stable_wetland,NBR,2007_2008,0.0015473458915948868,0.9841065406799316,71229
stable_wetland,NBR,2009_2010,-0.01700741797685623,1.037596344947815,71229
stable_wetland,NBR,2011_2012,-0.10775468498468399,1.0020796060562134,71229
stable_wetland,NBR,2013_2014,0.0007345007616095245,0.9905484914779663,71229
stable_wetland,NBR,2015_2016,-0.26152750849723816,0.9505981206893921,71229
stable_wetland,NDMI,1997_1998,-0.282597154378891,1.0575530529022217,71229
stable_wetland,NDMI,1999_2000,-0.41660189628601074,0.9137151837348938,71229
stable_wetland,NDMI,2001_2002,-0.26404643058776855,0.9825993180274963,71229
stable_wetland,NDMI,2003_2004,-0.28582265973091125,1.040684461593628,71229
stable_wetland,NDMI,2005_2006,-0.3358266055583954,1.0386344194412231,71229
stable_wetland,NDMI,2007_2008,-0.19595278799533844,1.1009286642074585,71229
stable_wetland,NDMI,2009_2010,-0.21825802326202393,1.1383236646652222,71229
stable_wetland,NDMI,2011_2012,-0.29465606808662415,1.0445501804351807,71229
stable_wetland,NDMI,2013_2014,-0.17856045067310333,1.0951741933822632,71229
stable_wetland,NDMI,2015_2016,-0.4341496229171753,0.9505075216293335,71229
stable_wetland,NDVI,1997_1998,-0.050206925719976425,1.0414620637893677,71229
stable_wetland,NDVI,1999_2000,-0.08271545171737671,0.8346632719039917,71229
stable_wetland,NDVI,2001_2002,0.07596296072006226,0.8202276229858398,71229
stable_wetland,NDVI,2003_2004,0.08321425318717957,0.8428554534912109,71229
stable_wetland,NDVI,2005_2006,-0.03394637629389763,0.908502459526062,71229
stable_wetland,NDVI,2007_2008,0.14542479813098907,0.9036327004432678,71229
stable_wetland,NDVI,2009_2010,0.07693394273519516,0.9804481267929077,71229
stable_wetland,NDVI,2011_2012,0.012284384109079838,1.0028448104858398,71229
stable_wetland,NDVI,2013_2014,0.1379772424697876,0.9489065408706665,71229
stable_wetland,NDVI,2015_2016,-0.05541339889168739,0.9191327095031738,71229
stable_wetland,NIR,1997_1998,0.28384414315223694,0.9578618407249451,71229
stable_wetland,NIR,1999_2000,0.2389126569032669,0.7918678522109985,71229
stable_wetland,NIR,2001_2002,0.3338496685028076,0.764413595199585,71229
stable_wetland,NIR,2003_2004,0.36997342109680176,0.7519636154174805,71229
stable_wetland,NIR,2005_2006,0.2768875062465668,0.8699784278869629,71229
stable_wetland,NIR,2007_2008,0.3959321677684784,0.8698832988739014,71229
stable_wetland,NIR,2009_2010,0.34815123677253723,0.9089171290397644,71229
stable_wetland,NIR,2011_2012,0.27908453345298767,0.9675114750862122,71229
stable_wetland,NIR,2013_2014,0.4060031771659851,0.8725355863571167,71229
stable_wetland,NIR,2015_2016,0.30918675661087036,0.8470403552055359,71229
stable_wetland,SWIR1,1997_1998,0.5360033512115479,0.6170503497123718,71229
stable_wetland,SWIR1,1999_2000,0.6291295289993286,0.5649011135101318,71229
stable_wetland,SWIR1,2001_2002,0.5922806262969971,0.6432594060897827,71229
stable_wetland,SWIR1,2003_2004,0.6154803037643433,0.6075201630592346,71229
stable_wetland,SWIR1,2005_2006,0.6395866870880127,0.6023399233818054,71229
stable_wetland,SWIR1,2007_2008,0.6265296339988708,0.6091966032981873,71229
stable_wetland,SWIR1,2009_2010,0.5525302290916443,0.7177163362503052,71229
stable_wetland,SWIR1,2011_2012,0.4953118860721588,0.8360623121261597,71229
stable_wetland,SWIR1,2013_2014,0.5934321284294128,0.6835048198699951,71229
stable_wetland,SWIR1,2015_2016,0.682793378829956,0.5915856957435608,71229
stable_wetland,SWIR2,1997_1998,0.5266315937042236,0.6762503981590271,71229
stable_wetland,SWIR2,1999_2000,0.6095348000526428,0.6565335988998413,71229
stable_wetland,SWIR2,2001_2002,0.5490443706512451,0.7406283617019653,71229
stable_wetland,SWIR2,2003_2004,0.6002504229545593,0.7182231545448303,71229
stable_wetland,SWIR2,2005_2006,0.6288906931877136,0.7004255056381226,71229
stable_wetland,SWIR2,2007_2008,0.610964298248291,0.698453962802887,71229
stable_wetland,SWIR2,2009_2010,0.5767466425895691,0.7178801894187927,71229
stable_wetland,SWIR2,2011_2012,0.5234785079956055,0.805494487285614,71229
stable_wetland,SWIR2,2013_2014,0.5776166915893555,0.7239959239959717,71229
stable_wetland,SWIR2,2015_2016,0.6632668972015381,0.6878091096878052,71229
wetland_to_woody,NBR,1997_1998,-0.16551020741462708,0.8909235596656799,1679
wetland_to_woody,NBR,1999_2000,-0.22567303478717804,0.7242789268493652,1679
wetland_to_woody,NBR,2001_2002,0.039248932152986526,0.6948702335357666,1679
wetland_to_woody,NBR,2003_2004,0.18610745668411255,0.7602841258049011,1679
wetland_to_woody,NBR,2005_2006,-0.059162724763154984,0.6633240580558777,1679
wetland_to_woody,NBR,2007_2008,0.03759290277957916,0.6255554556846619,1679
wetland_to_woody,NBR,2009_2010,0.3595196306705475,0.758935272693634,1679
wetland_to_woody,NBR,2011_2012,0.034283991903066635,0.7402187585830688,1679
wetland_to_woody,NBR,2013_2014,0.04406926780939102,0.7274470329284668,1679
wetland_to_woody,NBR,2015_2016,0.11021973192691803,0.7706394791603088,1679
wetland_to_woody,NDMI,1997_1998,-0.4440944790840149,0.9696055054664612,1679
wetland_to_woody,NDMI,1999_2000,-0.3955616354942322,0.8010818958282471,1679
wetland_to_woody,NDMI,2001_2002,-0.1526193767786026,0.7790549993515015,1679
wetland_to_woody,NDMI,2003_2004,-0.0017698820447549224,0.8311450481414795,1679
wetland_to_woody,NDMI,2005_2006,-0.2321995049715042,0.7292585372924805,1679
wetland_to_woody,NDMI,2007_2008,-0.12226885557174683,0.6890555024147034,1679
wetland_to_woody,NDMI,2009_2010,0.1483001410961151,0.816149890422821,1679
wetland_to_woody,NDMI,2011_2012,-0.21311789751052856,0.8145875930786133,1679
wetland_to_woody,NDMI,2013_2014,-0.1672511249780655,0.7550734877586365,1679
wetland_to_woody,NDMI,2015_2016,-0.023208195343613625,0.7867137789726257,1679
wetland_to_woody,NDVI,1997_1998,-0.0890888050198555,0.8355304598808289,1679
wetland_to_woody,NDVI,1999_2000,-0.09466031193733215,0.6635743975639343,1679
wetland_to_woody,NDVI,2001_2002,0.08821810036897659,0.6809182167053223,1679
wetland_to_woody,NDVI,2003_2004,0.2683315575122833,0.6989485621452332,1679
wetland_to_woody,NDVI,2005_2006,0.0335114486515522,0.6516502499580383,1679
wetland_to_woody,NDVI,2007_2008,0.08058453351259232,0.6051898002624512,1679
wetland_to_woody,NDVI,2009_2010,0.3918711841106415,0.7149239778518677,1679
wetland_to_woody,NDVI,2011_2012,0.112847238779068,0.7097601294517517,1679
wetland_to_woody,NDVI,2013_2014,0.11935358494520187,0.6938046813011169,1679
wetland_to_woody,NDVI,2015_2016,0.1799347996711731,0.7406537532806396,1679
wetland_to_woody,NIR,1997_1998,0.10888433456420898,0.7917963266372681,1679
wetland_to_woody,NIR,1999_2000,0.0028048313688486814,0.6442949771881104,1679
wetland_to_woody,NIR,2001_2002,0.14106632769107819,0.6812621355056763,1679
wetland_to_woody,NIR,2003_2004,0.2648443281650543,0.6410064697265625,1679
wetland_to_woody,NIR,2005_2006,0.06052490323781967,0.6508991718292236,1679
wetland_to_woody,NIR,2007_2008,0.07791782915592194,0.6251345276832581,1679
wetland_to_woody,NIR,2009_2010,0.3716279864311218,0.6947213411331177,1679
wetland_to_woody,NIR,2011_2012,0.14400938153266907,0.7032133340835571,1679
wetland_to_woody,NIR,2013_2014,0.11686159670352936,0.6717746257781982,1679
wetland_to_woody,NIR,2015_2016,0.16403788328170776,0.7233343124389648,1679
wetland_to_woody,SWIR1,1997_1998,0.4883030951023102,0.694603443145752,1679
wetland_to_woody,SWIR1,1999_2000,0.36523303389549255,0.6619247794151306,1679
wetland_to_woody,SWIR1,2001_2002,0.2594675123691559,0.6342484354972839,1679
wetland_to_woody,SWIR1,2003_2004,0.29874345660209656,0.6219063997268677,1679
wetland_to_woody,SWIR1,2005_2006,0.29753100872039795,0.6464670896530151,1679
wetland_to_woody,SWIR1,2007_2008,0.2062987983226776,0.6411314606666565,1679
wetland_to_woody,SWIR1,2009_2010,0.3158699870109558,0.6459470391273499,1679
wetland_to_woody,SWIR1,2011_2012,0.3395710289478302,0.6578844785690308,1679
wetland_to_woody,SWIR1,2013_2014,0.25251930952072144,0.57041996717453,1679
wetland_to_woody,SWIR1,2015_2016,0.1303945779800415,0.5406925082206726,1679
wetland_to_woody,SWIR2,1997_1998,0.49074915051460266,0.7544263005256653,1679
wetland_to_woody,SWIR2,1999_2000,0.35034939646720886,0.6961001753807068,1679
wetland_to_woody,SWIR2,2001_2002,0.2233426868915558,0.6460186243057251,1679
wetland_to_woody,SWIR2,2003_2004,0.2313963770866394,0.6551509499549866,1679
wetland_to_woody,SWIR2,2005_2006,0.2436935007572174,0.6410175561904907,1679
wetland_to_woody,SWIR2,2007_2008,0.17553071677684784,0.6484267115592957,1679
wetland_to_woody,SWIR2,2009_2010,0.2120663821697235,0.6433337330818176,1679
wetland_to_woody,SWIR2,2011_2012,0.2565189599990845,0.6391730904579163,1679
wetland_to_woody,SWIR2,2013_2014,0.21426863968372345,0.5521252751350403,1679
wetland_to_woody,SWIR2,2015_2016,0.06961117684841156,0.5614693760871887,1679
